{
  "mae": 1.4334156752831033,
  "tier_cutoffs": {
    "p20": 2.2713650660917137,
    "p80": 4.9551514410943
  },
  "per_tier": {
    "easy": {
      "precision": 0.0,
      "recall": 0.0,
      "f1": 0.0
    },
    "medium": {
      "precision": 0.5912698412698413,
      "recall": 1.0,
      "f1": 0.743142144638404
    },
    "hard": {
      "precision": 0.0,
      "recall": 0.0,
      "f1": 0.0
    }
  },
  "overall": {
    "macro_f1": 0.24771404821280132,
    "weighted_f1": 0.43939753790127856
  }
}