{
  "p20": 2.2713650660917137,
  "p80": 4.9551514410943
}