{
  "ground_truth": "difficulty_score (equal-weight mean of nlp_score, gpa_score, rmp_score)",
  "n_rows_all_signals": 6422,
  "mae_ensemble": 0.8553320353352756,
  "mae_nlp_alone": 1.2102771725426071,
  "mae_rmp_alone": 1.4278442067746355,
  "ensemble_weights": {
    "nlp_score": 0.358210764215802,
    "gpa_score": 0.2912496660731646,
    "rmp_score": 0.4654549553833856
  },
  "intercept": 0.06481148826921324
}