{
  "macro_f1": 0.6188085894615322,
  "accuracy": 0.6587301587301587,
  "per_tier": {
    "easy": {
      "precision": 0.6721311475409836,
      "recall": 0.7192982456140351,
      "f1": 0.6949152542372881
    },
    "medium": {
      "precision": 0.7222222222222222,
      "recall": 0.697986577181208,
      "f1": 0.7098976109215017
    },
    "hard": {
      "precision": 0.44680851063829785,
      "recall": 0.45652173913043476,
      "f1": 0.45161290322580644
    }
  }
}