Type,Name,Request Count,Failure Count,Median Response Time,Average Response Time,Min Response Time,Max Response Time,Average Content Size,Requests/s,Failures/s,50%,66%,75%,80%,90%,95%,98%,99%,99.9%,99.99%,100%
POST,POST /generate [cold],921,0,19000,17943.153768868855,6450.7768750190735,26707.583917072043,252286.95114006515,5.132604999371743,0.0,19000,19000,20000,20000,20000,21000,21000,22000,27000,27000,27000
,Aggregated,921,0,19000,17943.153768868855,6450.7768750190735,26707.583917072043,252286.95114006515,5.132604999371743,0.0,19000,19000,20000,20000,20000,21000,21000,22000,27000,27000,27000
