Type,Name,Request Count,Failure Count,Median Response Time,Average Response Time,Min Response Time,Max Response Time,Average Content Size,Requests/s,Failures/s,50%,66%,75%,80%,90%,95%,98%,99%,99.9%,99.99%,100%
POST,POST /generate [cold],1082,0,16000,15387.85624336426,4658.156541991048,18981.553082936443,253415.01756007393,6.027706821882242,0.0,16000,16000,17000,17000,17000,17000,18000,18000,19000,19000,19000
,Aggregated,1082,0,16000,15387.85624336426,4658.156541991048,18981.553082936443,253415.01756007393,6.027706821882242,0.0,16000,16000,17000,17000,17000,17000,18000,18000,19000,19000,19000
