Type,Name,Request Count,Failure Count,Median Response Time,Average Response Time,Min Response Time,Max Response Time,Average Content Size,Requests/s,Failures/s,50%,66%,75%,80%,90%,95%,98%,99%,99.9%,99.99%,100%
POST,POST /generate [cold],391,0,4400,4453.083111127169,3582.96149992384,6259.302000049502,253908.05626598466,2.1921018106987047,0.0,4400,4500,4600,4700,5100,5300,5700,6000,6300,6300,6300
,Aggregated,391,0,4400,4453.083111127169,3582.96149992384,6259.302000049502,253908.05626598466,2.1921018106987047,0.0,4400,4500,4600,4700,5100,5300,5700,6000,6300,6300,6300
