Type,Name,Request Count,Failure Count,Median Response Time,Average Response Time,Min Response Time,Max Response Time,Average Content Size,Requests/s,Failures/s,50%,66%,75%,80%,90%,95%,98%,99%,99.9%,99.99%,100%
POST,POST /generate [cold],916,0,9300,9269.035628772344,4558.275209041312,12860.812166007236,252903.27947598253,5.11696665215925,0.0,9300,9700,9900,10000,10000,11000,11000,12000,13000,13000,13000
,Aggregated,916,0,9300,9269.035628772344,4558.275209041312,12860.812166007236,252903.27947598253,5.11696665215925,0.0,9300,9700,9900,10000,10000,11000,11000,12000,13000,13000,13000
