Type,Name,Request Count,Failure Count,Median Response Time,Average Response Time,Min Response Time,Max Response Time,Average Content Size,Requests/s,Failures/s,50%,66%,75%,80%,90%,95%,98%,99%,99.9%,99.99%,100%
POST,POST /generate [cold],1102,0,7800,7766.150374913411,3567.1042079338804,10403.018209035508,252357.79219600727,6.145221299889648,0.0,7800,8100,8300,8400,8800,9000,9400,9500,10000,10000,10000
,Aggregated,1102,0,7800,7766.150374913411,3567.1042079338804,10403.018209035508,252357.79219600727,6.145221299889648,0.0,7800,8100,8300,8400,8800,9000,9400,9500,10000,10000,10000
