Type,Name,Request Count,Failure Count,Median Response Time,Average Response Time,Min Response Time,Max Response Time,Average Content Size,Requests/s,Failures/s,50%,66%,75%,80%,90%,95%,98%,99%,99.9%,99.99%,100%
POST,POST /generate [cold],438,1,3900,4012.226934389256,2497.2562920302153,6152.140625054017,252289.24885844748,2.4385328017262666,0.0055674264879595125,3900,4100,4200,4300,4600,4900,5400,5600,6200,6200,6200
,Aggregated,438,1,3900,4012.226934389256,2497.2562920302153,6152.140625054017,252289.24885844748,2.4385328017262666,0.0055674264879595125,3900,4100,4200,4300,4600,4900,5400,5600,6200,6200,6200
