{
  "features": [
    "nlp_score",
    "gpa_score",
    "rmp_score"
  ],
  "alpha": 1.0,
  "coefficients": {
    "nlp_score": 0.358210764215802,
    "gpa_score": 0.2912496660731646,
    "rmp_score": 0.4654549553833856
  },
  "intercept": 0.06481148826921324
}